strategy,precision1,precision5,mrr,false_match_rate,socket_edv_errors,ci_lower,ci_upper,p_value_vs_v1,statistically_significant
original,0.7149,0.6681,0.7903,0.2851,113,0.6898,0.7386,4.9e-05,True
gaussian_blur,0.7164,0.6708,0.7911,0.2836,111,0.6927,0.7415,7.1e-05,True
otsu_threshold,0.7142,0.6569,0.7897,0.2858,117,0.6898,0.7378,4.9e-05,True
morph_opening,0.7186,0.6678,0.7926,0.2814,114,0.6942,0.7415,0.000148,True
morph_closing,0.7142,0.6617,0.7891,0.2858,115,0.6898,0.7356,4.7e-05,True
dilation,0.7179,0.6628,0.7941,0.2821,124,0.6935,0.7408,0.000114,True
erosion,0.7112,0.6594,0.789,0.2888,118,0.6861,0.7341,1.6e-05,True
skeletonization,0.7171,0.6606,0.7877,0.2829,104,0.6935,0.7408,9.8e-05,True
stroke_thinner,0.7112,0.6594,0.789,0.2888,118,0.6883,0.7349,1.6e-05,True
stroke_thicker,0.723,0.6601,0.7961,0.277,114,0.6972,0.7467,0.000603,True
stroke_constant_width,0.7149,0.6638,0.7883,0.2851,116,0.6905,0.74,6.4e-05,True
distance_transform,0.7105,0.6547,0.7847,0.2895,112,0.6869,0.7341,9e-06,True
sobel_edge,0.7134,0.6657,0.7903,0.2866,113,0.6905,0.7386,3e-05,True
laplacian_edge,0.7112,0.665,0.7836,0.2888,116,0.6861,0.7349,2e-05,True
morph_gradient,0.7275,0.6731,0.7949,0.2725,103,0.7046,0.7511,0.001565,True
multichannel_A,0.7149,0.6663,0.7915,0.2851,132,0.6913,0.7386,5.8e-05,True
multichannel_B,0.7127,0.6731,0.7899,0.2873,133,0.6861,0.7363,4e-05,True
histogram_equalization,0.7238,0.6623,0.7965,0.2762,105,0.6994,0.7467,0.000727,True
contrast_enhancement,0.7201,0.6731,0.7921,0.2799,113,0.6957,0.7437,0.000183,True
gamma_correction,0.7164,0.6666,0.7912,0.2836,106,0.6913,0.7423,0.000102,True
rotation_plus2,0.7179,0.6706,0.7905,0.2821,111,0.692,0.7408,0.00012,True
rotation_minus2,0.709,0.6696,0.7862,0.291,114,0.6839,0.7341,5e-06,True
rotation_plus5,0.7075,0.67,0.786,0.2925,121,0.6824,0.7319,5e-06,True
padding_black,0.6994,0.6567,0.7826,0.3006,129,0.675,0.7231,0.0,True
noise_gaussian,0.7038,0.6696,0.7842,0.2962,117,0.6802,0.729,1e-06,True
noise_salt_pepper,0.7046,0.6678,0.7858,0.2954,124,0.6795,0.7297,2e-06,True
